Workbook

Sheet Processes_and_Commodities
A1: ~FI_Process | L1: ~FI_Comm
A2: Region | B2: Sets | C2: TechName | D2: TechDesc | E2: Tact | F2: Tcap | G2: Tslvl | H2: PrimaryCG | I2: Vintage | L2: Csets | M2: CommName | N2: CommDesc | O2: Unit | P2: LimType | Q2: CTSLvl | R2: PeakTS | S2: Ctype
A3: \I: Region | B3: Process Set Membership | C3: Technology name | D3: Description | E3: Activity unit | F3: Capacity unit | G3: TimeSlice level of Process Activity | H3: Primary Commodity Group | I3: Vintage Tracking | L3: \I: Commodity set | M3: Commodity name | N3: Description
A4: \I: *Units | L4: \I: *Units
B5: MIN | C5: =_xlfn.TEXTJOIN("",TRUE,B5,M5) -> MINCOA | D5: =_xlfn.TEXTJOIN(" ",TRUE,"Primary Supply of",N5) -> Primary Supply of Coal | E5: PJ | F5: PJa | L5: NRG | M5: COA | N5: Coal | O5: PJ
B6: MIN | C6: =_xlfn.TEXTJOIN("",TRUE,B6,M6) -> MINNGA | D6: =_xlfn.TEXTJOIN(" ",TRUE,"Primary Supply of",N6) -> Primary Supply of Natural Gas | E6: PJ | F6: PJa | L6: NRG | M6: NGA | N6: Natural Gas | O6: PJ
B7: MIN | C7: =_xlfn.TEXTJOIN("",TRUE,B7,M7) -> MINGEO | D7: =_xlfn.TEXTJOIN(" ",TRUE,"Primary Supply of",N7) -> Primary Supply of Geothermal | E7: PJ | F7: PJa | L7: NRG | M7: GEO | N7: Geothermal | O7: PJ
B8: MIN | C8: =_xlfn.TEXTJOIN("",TRUE,B8,M8) -> MINNUC | D8: =_xlfn.TEXTJOIN(" ",TRUE,"Primary Supply of",N8) -> Primary Supply of Nuclear | E8: PJ | F8: PJa | L8: NRG | M8: NUC | N8: Nuclear | O8: PJ
B9: MIN | C9: =_xlfn.TEXTJOIN("",TRUE,B9,M9) -> MINDST | D9: =_xlfn.TEXTJOIN(" ",TRUE,"Primary Supply of",N9) -> Primary Supply of Distillate | E9: PJ | F9: PJa | L9: NRG | M9: DST | N9: Distillate | O9: PJ
B10: MIN | C10: =_xlfn.TEXTJOIN("",TRUE,B10,M10) -> MINWNO | D10: =_xlfn.TEXTJOIN(" ",TRUE,"Primary Supply of",N10) -> Primary Supply of Wind Onshore | E10: PJ | F10: PJa | L10: NRG | M10: WNO | N10: Wind Onshore | O10: PJ
B11: MIN | C11: =_xlfn.TEXTJOIN("",TRUE,B11,M11) -> MINWNF | D11: =_xlfn.TEXTJOIN(" ",TRUE,"Primary Supply of",N11) -> Primary Supply of Wind OffShore | E11: PJ | F11: PJa | L11: NRG | M11: WNF | N11: Wind OffShore | O11: PJ
A12: =_xlfn.TEXTJOIN(",",TRUE,SUP!A17:A34) -> IE,NI | B12: MIN | C12: =_xlfn.TEXTJOIN("",TRUE,B12,M12) -> MINMSW | D12: =_xlfn.TEXTJOIN(" ",TRUE,"Primary Supply of",N12) -> Primary Supply of Municipal Solid Waste | E12: PJ | F12: PJa | L12: NRG | M12: MSW | N12: Municipal Solid Waste | O12: PJ
B13: MIN | C13: =_xlfn.TEXTJOIN("",TRUE,B13,M13) -> MINBSL | D13: =_xlfn.TEXTJOIN(" ",TRUE,"Primary Supply of",N13) -> Primary Supply of Biomass / Wood | E13: PJ | F13: PJa | L13: NRG | M13: BSL | N13: Biomass / Wood | O13: PJ
B14: MIN | C14: =_xlfn.TEXTJOIN("",TRUE,B14,M14) -> MINWAT | D14: =_xlfn.TEXTJOIN(" ",TRUE,"Primary Supply of",N14) -> Primary Supply of Water (Hydroelectric Conventional and Pump Storage) | E14: PJ | F14: PJa | L14: NRG | M14: WAT | N14: Water (Hydroelectric Conventional and Pump Storage) | O14: PJ
B15: MIN | C15: =_xlfn.TEXTJOIN("",TRUE,B15,M15) -> MINSPV | D15: =_xlfn.TEXTJOIN(" ",TRUE,"Primary Supply of",N15) -> Primary Supply of Solar PV | E15: PJ | F15: PJa | L15: NRG | M15: SPV | N15: Solar PV | O15: PJ
B16: MIN | C16: =_xlfn.TEXTJOIN("",TRUE,B16,M16) -> MINSTH | D16: =_xlfn.TEXTJOIN(" ",TRUE,"Primary Supply of",N16) -> Primary Supply of Solar Thermal | E16: PJ | F16: PJa | L16: NRG | M16: STH | N16: Solar Thermal | O16: PJ
B17: MIN | C17: =_xlfn.TEXTJOIN("",TRUE,B17,M17) -> MINRFO | D17: =_xlfn.TEXTJOIN(" ",TRUE,"Primary Supply of",N17) -> Primary Supply of Residual Fuel Oil/Residual Low Sulfur | E17: PJ | F17: PJa | L17: NRG | M17: RFO | N17: Residual Fuel Oil/Residual Low Sulfur | O17: PJ

Sheet SUP
A1: ~FI_T
A2: Region | B2: TechName | C2: *TechDesc | D2: Comm-OUT | E2: NCAP_AF | F2: ACT_BND~2020 | G2: ACT_BND~2021 | H2: ACT_BND~2022 | I2: ACT_BND~0
A3: \I: *Region | B3: Technology Name | C3: Technology Description | D3: Output Commodity | F3: PJ | G3: PJ | H3: PJ
A4: \I: *Units
B5: =Processes_and_Commodities!C5 -> MINCOA | C5: =Processes_and_Commodities!D5 -> Primary Supply of Coal | D5: =Processes_and_Commodities!M5 -> COA | E5: 1
B6: =Processes_and_Commodities!C6 -> MINNGA | C6: =Processes_and_Commodities!D6 -> Primary Supply of Natural Gas | D6: =Processes_and_Commodities!M6 -> NGA | E6: 1
B7: =Processes_and_Commodities!C7 -> MINGEO | C7: =Processes_and_Commodities!D7 -> Primary Supply of Geothermal | D7: =Processes_and_Commodities!M7 -> GEO | E7: 1
B8: =Processes_and_Commodities!C8 -> MINNUC | C8: =Processes_and_Commodities!D8 -> Primary Supply of Nuclear | D8: =Processes_and_Commodities!M8 -> NUC | E8: 1
B9: =Processes_and_Commodities!C9 -> MINDST | C9: =Processes_and_Commodities!D9 -> Primary Supply of Distillate | D9: =Processes_and_Commodities!M9 -> DST | E9: 1
B10: =Processes_and_Commodities!C10 -> MINWNO | C10: =Processes_and_Commodities!D10 -> Primary Supply of Wind Onshore | D10: =Processes_and_Commodities!M10 -> WNO | E10: 1
B11: =Processes_and_Commodities!C11 -> MINWNF | C11: =Processes_and_Commodities!D11 -> Primary Supply of Wind OffShore | D11: =Processes_and_Commodities!M11 -> WNF | E11: 1
B12: =Processes_and_Commodities!C13 -> MINBSL | C12: =Processes_and_Commodities!D13 -> Primary Supply of Biomass / Wood | D12: =Processes_and_Commodities!M13 -> BSL | E12: 1
B13: =Processes_and_Commodities!C14 -> MINWAT | C13: =Processes_and_Commodities!D14 -> Primary Supply of Water (Hydroelectric Conventional and Pump Storage) | D13: =Processes_and_Commodities!M14 -> WAT | E13: 1
B14: =Processes_and_Commodities!C15 -> MINSPV | C14: =Processes_and_Commodities!D15 -> Primary Supply of Solar PV | D14: =Processes_and_Commodities!M15 -> SPV | E14: 1
B15: =Processes_and_Commodities!C16 -> MINSTH | C15: =Processes_and_Commodities!D16 -> Primary Supply of Solar Thermal | D15: =Processes_and_Commodities!M16 -> STH | E15: 1
B16: =Processes_and_Commodities!C17 -> MINRFO | C16: =Processes_and_Commodities!D17 -> Primary Supply of Residual Fuel Oil/Residual Low Sulfur | D16: =Processes_and_Commodities!M17 -> RFO | E16: 1
A17: IE | B17: =Processes_and_Commodities!C12 -> MINMSW | C17: =Processes_and_Commodities!D12 -> Primary Supply of Municipal Solid Waste | D17: =Processes_and_Commodities!M12 -> MSW | E17: 1 | F17: 10.883946 | G17: 10.306363 | H17: 10.298822 | I17: 5
A18: NI | B18: MINMSW | C18: Primary Supply of Municipal Solid Waste | D18: MSW | E18: 1 | F18: 33.441607 | G18: 32.595129 | H18: 27.285187 | I18: 5

Sheet ELC_IMP_EXP
A1: ~FI_Process | G1: ~FI_T | O1: ~FI_T:IRE_PRICE | X1: ~FI_T:PRC_RESID
A2: Sets | B2: TechName | C2: TechDesc | D2: Tact | E2: Tcap | G2: TechName | H2: COMM-OUT | I2: COMM-IN | J2: PRC_CAPACT | K2: NCAP_BND~2020 | L2: NCAP_BND~0 | O2: TechName | P2: COMMODITY | Q2: OTHER_INDEXES | R2: YEAR | S2: IE | T2: NI | X2: TechName | Y2: YEAR | Z2: IE | AA2: NI
A3: \I: Process Set Membership | B3: Technology name | C3: Description | D3: Activity unit | E3: Capacity unit | G3: \I: DESCRIPTION | J3: 8760 GWh = 31.536 PJ | O3: \I: DESCRIPTION: cost $/PJ | S3: Ireland | T3: North | X3: \I: DESCRIPTION | Y3: Unit: GW | Z3: Ireland | AA3: Northern Ireland
A4: \I: *Units | G4: \I: *Units | O4: \I: *Units | X4: \I: *Units
A5: IMP | B5: IMP_ELC_SCT | D5: PJ | E5: GW | G5: IMP_ELC_SCT | H5: ELCC | J5: 31.536 | K5: 0 | L5: 2 | O5: IMP_ELC_SCT | P5: ELCC | Q5: IMP | R5: 2020 | T5: 10.75 | X5: IMP_ELC_SCT | Y5: 2020 | AA5: 2.6
A6: IMP | B6: IMP_ELC_ENG | D6: PJ | E6: GW | G6: IMP_ELC_ENG | H6: ELCC | J6: 31.536 | K6: 0 | L6: 2 | O6: IMP_ELC_ENG | P6: ELCC | Q6: IMP | R6: 2020 | S6: 32.5 | X6: IMP_ELC_ENG | Y6: 2020 | Z6: 0.8
A7: EXP | B7: EXP_ELC_SCT | D7: PJ | E7: GW | G7: EXP_ELC_SCT | I7: ELCC | J7: 31.536 | K7: 0 | L7: 2 | O7: EXP_ELC_SCT | P7: ELCC | Q7: EXP | R7: 2020 | T7: 8.5 | X7: EXP_ELC_SCT | Y7: 2020 | AA7: 2.6
A8: EXP | B8: EXP_ELC_ENG | D8: PJ | E8: GW | G8: EXP_ELC_ENG | I8: ELCC | J8: 31.536 | K8: 0 | L8: 2 | O8: EXP_ELC_ENG | P8: ELCC | Q8: EXP | R8: 2020 | S8: 19.333333 | X8: EXP_ELC_ENG | Y8: 2020 | Z8: 0.8
X9: IMP_ELC_SCT | Y9: 2100 | AA9: 2.6
X10: IMP_ELC_ENG | Y10: 2100 | Z10: 0.8
X11: EXP_ELC_SCT | Y11: 2100 | AA11: 2.6
X12: EXP_ELC_ENG | Y12: 2100 | Z12: 0.8
